"","Sample","Mean_YFP","Slice","Mean_CFP","norm_YFP","norm_CFP","ratio","Time","id"
"1","Cell-01",134.96,1,12.31,0.990881191171936,1.03375881760161,0.958522601500846,2,"1"
"2","Cell-02",158.22,1,14.04,1.00523520292765,1.02526654009055,0.980462312599089,2,"1"
"3","Cell-03",177.44,1,16.08,1.00247454831019,1.02290076335878,0.980031088273393,2,"1"
"4","Cell-04",206.63,1,18.39,1.00028077377379,1.02508361204013,0.975804082735283,2,"1"
"5","Cell-01",136.09,2,12.23,0.999177691957534,1.02704064494458,0.97287064234099,4,"1"
"6","Cell-02",157.61,2,13.9,1.0013596279448,1.01504308456258,0.986519334178138,4,"1"
"7","Cell-03",177.46,2,15.95,1.00258754138371,1.014631043257,0.988130166178807,4,"1"
"8","Cell-04",206.78,2,18.23,1.00100691284395,1.01616499442586,0.985083050818454,4,"1"
"9","Cell-01",136.41,3,11.78,1.00152714350744,0.98925092374874,1.01240961162025,6,"1"
"10","Cell-02",157.98,3,13.56,1.00371038654095,0.990214692566087,1.01362905850235,6,"1"
"11","Cell-03",176.49,3,15.58,0.99710737731777,0.991094147582697,1.00606726389187,6,"1"
"12","Cell-04",206.68,3,17.79,1.00052282013051,0.991638795986622,1.00895893159873,6,"1"
"13","Cell-01",136.91,4,11.6,1.00519816155416,0.974135035270406,1.0318879058437,8,"1"
"14","Cell-02",157.25,4,13.47,0.999072403364762,0.98364247115525,1.01568652499458,8,"1"
"15","Cell-03",176.72,4,15.54,0.998406797663303,0.988549618320611,1.00997135516519,8,"1"
"16","Cell-04",207.13,4,17.7,1.00270123734098,0.986622073578595,1.01629718632187,8,"1"
"17","Cell-01",136.64,5,11.62,1.00321581180893,0.975814578434666,1.02808036893466,10,"1"
"18","Cell-02",155.92,5,13.5,0.990622379221835,0.985833211625529,1.00485798970843,10,"1"
"19","Cell-03",176.9,5,15.45,0.999423735325025,0.982824427480916,1.01688939283556,10,"1"
"20","Cell-04",205.64,5,17.59,0.995488255910772,0.980490523968785,1.01529615184987,10,"1"
"21","Cell-01",135.74,6,11.53,0.996607979324826,0.968256634195499,1.02928081680833,12,"1"
"22","Cell-02",155.87,6,13.4,0.990304709141274,0.978530743391266,1.01203229007318,12,"1"
"23","Cell-03",175.72,6,15.42,0.992757143987073,0.980916030534351,1.01207148530978,12,"1"
"24","Cell-04",204.9,6,17.58,0.991905969831342,0.979933110367893,1.01221803747294,12,"1"
"25","Cell-01",134.47,7,11.5,0.987283593486146,0.96573731944911,1.02231069836809,14,"1"
"26","Cell-02",156.45,7,13.32,0.993989682075783,0.972688768803856,1.02189900197791,14,"1"
"27","Cell-03",175.9,7,15.35,0.993774081648795,0.9764631043257,1.01772824518039,14,"1"
"28","Cell-04",205.94,7,17.43,0.996940534051081,0.971571906354515,1.02611091112314,14,"1"
"29","Cell-01",134.47,8,11.61,0.987283593486146,0.974974806852536,1.01262472275909,16,"1"
"30","Cell-02",156.32,8,13.3,0.993163739866324,0.971228275157003,1.0225852822353,16,"1"
"31","Cell-03",176.05,8,15.39,0.994621529700229,0.979007633587786,1.01594869700374,16,"1"
"32","Cell-04",205.53,8,17.51,0.994955753925992,0.97603121516165,1.01938927615262,16,"1"
"33","Cell-01",134.39,9,11.65,0.98669623059867,0.978333893181055,1.00854752909605,18,"1"
"34","Cell-02",156.21,9,13.36,0.99246486568909,0.975609756097561,1.01727648733132,18,"1"
"35","Cell-03",176.56,9,15.37,0.997502853075106,0.977735368956743,1.02021762201306,18,"1"
"36","Cell-04",205.87,9,17.56,0.996601669151676,0.978818283166109,1.01816822007865,18,"1"
"37","Cell-01",134.45,10,11.57,0.987136752764276,0.971615720524018,1.01597445565402,20,"1"
"38","Cell-02",155.92,10,13.34,0.990622379221835,0.974149262450708,1.01691025945006,20,"1"
"39","Cell-03",176.5,10,15.39,0.997163873854533,0.979007633587786,1.01854555536019,20,"1"
"40","Cell-04",206.01,10,17.53,0.997279398950487,0.977146042363434,1.02060424513244,20,"1"
"41","Cell-01",134.39,11,11.59,0.98669623059867,0.973295263688277,1.01376865521734,22,"1"
"42","Cell-02",155.46,11,13.41,0.987699814480673,0.979260990214692,1.00861754358675,22,"1"
"43","Cell-03",176.79,11,15.35,0.998802273420639,0.9764631043257,1.02287763766596,22,"1"
"44","Cell-04",206.68,11,17.49,1.00052282013051,0.974916387959866,1.02626525975651,22,"1"
"45","Cell-01",133.63,12,11.51,0.981116283167648,0.96657709103124,1.01504193744225,24,"1"
"46","Cell-02",155.16,12,13.45,0.985793793997306,0.982181977508398,1.00367733940514,24,"1"
"47","Cell-03",176.97,12,15.39,0.999819211082361,0.979007633587786,1.02125782964358,24,"1"
"48","Cell-04",207.04,12,17.39,1.00226555389888,0.969342251950948,1.03396457946785,24,"1"
"49","Cell-01",133.42,13,11.58,0.979574455588024,0.972455492106147,1.00732060597083,26,"1"
"50","Cell-02",154.35,13,13.53,0.980647538692216,0.988023952095808,0.992534175524849,26,"1"
"51","Cell-03",175.81,13,15.43,0.993265612817934,0.981552162849873,1.01193359906014,26,"1"
"52","Cell-04",206.02,13,17.36,0.997327808221831,0.967670011148272,1.03064866817394,26,"1"
"53","Cell-01",132.65,14,12.14,0.973921087796068,1.01948270070541,0.95530908677723,28,"1"
"54","Cell-02",152.7,14,14.08,0.970164426033698,1.02818752738426,0.9435675887859,28,"1"
"55","Cell-03",175.23,14,16.06,0.989988813685721,1.02162849872774,0.969030146397231,28,"1"
"56","Cell-04",203.13,14,17.92,0.983337528803516,0.998885172798216,0.984435003724056,28,"1"
"57","Cell-01",212.03,15,8.4,1.55673191289408,0.705408128988915,2.20685281175509,30,"1"
"58","Cell-02",243.32,15,5.63,1.5459096800427,0.411128961589017,3.76015757699905,30,"1"
"59","Cell-03",284.02,15,6.32,1.60461463712274,0.402035623409669,3.99122501512176,30,"1"
"60","Cell-04",324.21,15,7.39,1.5694769862324,0.411928651059086,3.81006997740316,30,"1"
"61","Cell-01",233.42,16,4.5,1.71377806493297,0.377897211958347,4.53503759938262,32,"1"
"62","Cell-02",274.34,16,5.08,1.74299219802282,0.37096538630057,4.69853054325286,32,"1"
"63","Cell-03",347.38,16,5.53,1.96257669404865,0.351781170483461,5.57897027675314,32,"1"
"64","Cell-04",374.26,16,6.2,1.81176538930736,0.345596432552954,5.24243082002807,32,"1"
"65","Cell-01",202.26,17,4.79,1.48500022026108,0.402250587840108,3.69172914882442,34,"1"
"66","Cell-02",233.46,17,5.27,1.48326514015604,0.38484007594567,3.85423772851932,34,"1"
"67","Cell-03",274.5,17,5.9,1.55082993412504,0.375318066157761,4.132041790584,34,"1"
"68","Cell-04",310.17,17,6.45,1.50151036926592,0.359531772575251,4.17629395730708,34,"1"
"69","Cell-01",193.73,18,5.24,1.42237265238396,0.440040309035942,3.23236899705881,36,"1"
"70","Cell-02",228.09,18,5.47,1.44914737350377,0.399445012414196,3.62790203523961,36,"1"
"71","Cell-03",270.15,18,6.06,1.52625394063344,0.385496183206107,3.95919339055407,36,"1"
"72","Cell-04",304.05,18,6.82,1.47188389520361,0.38015607580825,3.87178842814557,36,"1"
"73","Cell-01",180.36,19,6.37,1.32420962981454,0.534934497816594,2.47546126716351,38,"1"
"74","Cell-02",219.52,19,6.09,1.3946987216956,0.444720315466628,3.1361254999835,38,"1"
"75","Cell-03",260.77,19,6.67,1.4732601891504,0.424300254452926,3.4722114203065,38,"1"
"76","Cell-04",292.6,19,7.66,1.41645527951513,0.426978818283166,3.31739004105764,38,"1"
"77","Cell-01",172.31,20,7.48,1.26510623926227,0.628149143432986,2.01402207180951,40,"1"
"78","Cell-02",210.74,20,6.71,1.33891585554906,0.489995618519059,2.73250577136943,40,"1"
"79","Cell-03",248.07,20,7.59,1.40150958746229,0.482824427480916,2.90273131948711,40,"1"
"80","Cell-04",278.38,20,8.72,1.34761729566447,0.486064659977703,2.77250622525465,40,"1"
"81","Cell-01",178.02,21,7.4,1.30702926535587,0.621430970775949,2.10325736376455,42,"1"
"82","Cell-02",207.17,21,7.25,1.316234211797,0.529428946984081,2.48613948915146,42,"1"
"83","Cell-03",234.34,21,8.67,1.32393984248766,0.551526717557252,2.40049992201914,42,"1"
"84","Cell-04",266.8,21,9.68,1.29155935944852,0.539576365663322,2.39365443269695,42,"1"
"85","Cell-01",187.79,22,6.62,1.37876095798887,0.555928787369835,2.48010354799569,44,"1"
"86","Cell-02",210.4,22,7.2,1.33675569900125,0.525777712866949,2.54243507529487,44,"1"
"87","Cell-03",232.8,22,9.6,1.31523937582626,0.610687022900763,2.1537044779155,44,"1"
"88","Cell-04",261.02,22,10.66,1.26357880061189,0.594202898550725,2.12651066444441,44,"1"
"89","Cell-01",193.35,23,5.91,1.41958267866845,0.49630500503863,2.86030296744228,46,"1"
"90","Cell-02",215.97,23,6.82,1.37214414597576,0.498028333576749,2.75515277639179,46,"1"
"91","Cell-03",239.89,23,9.45,1.35529542039073,0.601145038167939,2.25452317550712,46,"1"
"92","Cell-04",266.31,23,10.72,1.28918730515268,0.597547380156076,2.1574645759738,46,"1"
"93","Cell-01",190.06,24,5.86,1.395427379921,0.492106147127981,2.8356227372183,48,"1"
"94","Cell-02",218.27,24,6.46,1.38675696968157,0.471739447933401,2.93966717381105,48,"1"
"95","Cell-03",247.13,24,8.79,1.39619891300663,0.559160305343511,2.49695641780026,48,"1"
"96","Cell-04",272.58,24,10.38,1.31953991828515,0.578595317725752,2.28059211310555,48,"1"
"97","Cell-01",184.14,25,6.38,1.35196252624778,0.535774269398724,2.52338084052642,50,"1"
"98","Cell-02",220.73,25,6.42,1.40238633764518,0.468818460639696,2.99132063983069,50,"1"
"99","Cell-03",251.04,25,8.25,1.41828905888069,0.524809160305344,2.70248533401266,50,"1"
"100","Cell-04",276.83,25,9.96,1.3401138586062,0.555183946488294,2.41381954050153,50,"1"
"101","Cell-01",176.14,26,7.19,1.29322623750018,0.603795767551226,2.14182726511157,52,"1"
"102","Cell-02",218.49,26,6.53,1.38815471803604,0.476851175697386,2.91108586658277,52,"1"
"103","Cell-03",249.63,26,8.22,1.41032304719721,0.522900763358779,2.69711414865451,52,"1"
"104","Cell-04",281.3,26,9.61,1.36175280289681,0.535674470457079,2.54212750093328,52,"1"
"105","Cell-01",177.01,27,7.93,1.29961380890148,0.665938864628821,1.95155122779305,54,"1"
"106","Cell-02",216.34,27,6.96,1.37449490457191,0.508251789104717,2.70435822172525,54,"1"
"107","Cell-03",245.06,27,8.8,1.38450412989684,0.559796437659033,2.47322783204299,54,"1"
"108","Cell-04",281.87,27,9.74,1.3645121313634,0.542920847268673,2.51328004483156,54,"1"
"109","Cell-01",187.03,28,7.39,1.37318101055785,0.620591199193819,2.21269816965127,56,"1"
"110","Cell-02",213.69,28,7.39,1.35765839030217,0.539652402512049,2.51580162338266,56,"1"
"111","Cell-03",240.4,28,9.18,1.35817674376561,0.583969465648855,2.32576671154633,56,"1"
"112","Cell-04",276.77,28,9.94,1.33982340297814,0.55406911928651,2.41815209752795,56,"1"
"113","Cell-01",193.16,29,6.46,1.41818769181069,0.542492442055761,2.61420728081761,58,"1"
"114","Cell-02",218.83,29,7.22,1.39031487458385,0.527238206513802,2.63697671641984,58,"1"
"115","Cell-03",240.87,29,9.37,1.36083208099344,0.596055979643766,2.28306086587159,58,"1"
"116","Cell-04",272.68,29,10.54,1.32002401099859,0.587513935340022,2.24679608703175,58,"1"
"117","Cell-01",191.95,30,6.33,1.40930382813762,0.531575411488075,2.65118325204783,60,"1"
"118","Cell-02",223.13,30,7.09,1.41763450151211,0.51774499780926,2.73809405694031,60,"1"
"119","Cell-03",242.45,30,9.3,1.36975853380188,0.591603053435115,2.31533377971672,60,"1"
"120","Cell-04",269.38,30,11.07,1.30404895145518,0.617056856187291,2.11333678311707,60,"1"
"121","Cell-01",185.93,31,6.6,1.36510477085505,0.554249244205576,2.46297994111242,62,"1"
"122","Cell-02",222.91,31,6.7,1.41623675315764,0.489265371695633,2.89461882055832,62,"1"
"123","Cell-03",246.78,31,8.97,1.39422153421995,0.570610687022901,2.44338489609115,62,"1"
"124","Cell-04",272.88,31,11.11,1.32099219642546,0.619286510590858,2.13308730907945,62,"1"
"125","Cell-01",176.45,32,7.35,1.29550226868915,0.617232112865301,2.09888993408849,64,"1"
"126","Cell-02",218.97,32,6.94,1.39120435080942,0.506791295457865,2.74512282132338,64,"1"
"127","Cell-03",247.09,32,8.68,1.39597292685958,0.552162849872774,2.52819060025722,64,"1"
"128","Cell-04",279.56,32,10.62,1.35332958968302,0.591973244147157,2.28613303567922,64,"1"
"129","Cell-01",165.23,33,8.27,1.21312462372065,0.694491098421229,1.74678210631989,66,"1"
"130","Cell-02",211.25,33,7.59,1.34215609037078,0.554257338980575,2.42153959177042,66,"1"
"131","Cell-03",242.71,33,8.81,1.3712274437577,0.560432569974555,2.44673046718173,66,"1"
"132","Cell-04",282.46,33,10.12,1.36736827837267,0.564102564102564,2.42397103893338,66,"1"
"133","Cell-01",170.92,34,8.93,1.25490080909238,0.749916022841787,1.67338844733169,68,"1"
"134","Cell-02",211.74,34,8.17,1.34526925716028,0.596611654739302,2.25484910741162,68,"1"
"135","Cell-03",234.64,34,9.5,1.32563473859052,0.604325699745547,2.19357664112032,68,"1"
"136","Cell-04",281.78,34,10.1,1.36407644792131,0.56298773690078,2.42292390848596,68,"1"
"137","Cell-01",184.55,35,7.91,1.35497276104609,0.664259321464562,2.03982498590858,70,"1"
"138","Cell-02",218.46,35,7.93,1.3879641159877,0.57908573097707,2.39681974833992,70,"1"
"139","Cell-03",227.89,35,10.34,1.28749957627597,0.657760814249364,1.95739780841957,70,"1"
"140","Cell-04",275.05,35,10.61,1.33149700830703,0.591415830546265,2.25137194430048,70,"1"
"141","Cell-01",193.98,36,6.75,1.42420816140732,0.566845817937521,2.51251419052421,72,"1"
"142","Cell-02",224.99,36,7.21,1.42945182850898,0.526507959690375,2.71496717608905,72,"1"
"143","Cell-03",226.51,36,10.74,1.27970305420278,0.683206106870229,1.87308491732474,72,"1"
"144","Cell-04",268.77,36,11.42,1.30109598590322,0.636566332218506,2.04392837014919,72,"1"
"145","Cell-01",193.09,37,6.28,1.41767374928415,0.527376553577427,2.68816226217766,74,"1"
"146","Cell-02",225.55,37,6.91,1.43300973341127,0.504600554987586,2.83988933275455,74,"1"
"147","Cell-03",231.69,37,10.7,1.30896826024565,0.680661577608142,1.92308234122071,74,"1"
"148","Cell-04",270.8,37,11.43,1.31092306798598,0.637123745819398,2.05756429043469,74,"1"
"149","Cell-01",184.6,38,6.67,1.35533986285077,0.560127645280484,2.41969821391708,76,"1"
"150","Cell-02",220.43,38,7.13,1.40048031716181,0.520665985102965,2.68978646047879,76,"1"
"151","Cell-03",243.42,38,9.81,1.37523869786782,0.624045801526718,2.20374641493192,76,"1"
"152","Cell-04",270.3,38,11.49,1.3085026044188,0.640468227424749,2.04304061995416,76,"1"
"153","Cell-01",176.91,39,7.55,1.29887960529214,0.634027544507894,2.0486169986515,78,"1"
"154","Cell-02",213.38,39,7.64,1.35568883580269,0.557908573097707,2.42994802584843,78,"1"
"155","Cell-03",252.9,39,8.68,1.42879741471848,0.552162849872774,2.58763771421365,78,"1"
"156","Cell-04",273.9,39,11.43,1.32592994210251,0.637123745819398,2.08111838681707,78,"1"
"157","Cell-01",174.38,40,8.2,1.28030425397571,0.688612697346322,1.85925159223693,80,"1"
"158","Cell-02",209.21,40,8.42,1.32919515108389,0.61486782532496,2.16175752956565,80,"1"
"159","Cell-03",252.71,40,8.15,1.42772398051999,0.518447837150127,2.75384306426679,80,"1"
"160","Cell-04",280.79,40,10.87,1.35928393005828,0.605908584169454,2.24338120563437,80,"1"
"161","Cell-01",180.37,41,7.97,1.32428305017547,0.66929795095734,1.97861512691211,82,"1"
"162","Cell-02",217.88,41,8.12,1.38427914305319,0.59296042062217,2.33452199322296,82,"1"
"163","Cell-03",244.32,41,8.45,1.38032338617643,0.537531806615776,2.56789155392822,82,"1"
"164","Cell-04",284.96,41,10.2,1.37947059620859,0.568561872909699,2.42624534274334,82,"1"
"165","Cell-01",192.35,42,6.98,1.412240642575,0.586160564326503,2.4093068154417,84,"1"
"166","Cell-02",227.15,42,7.21,1.44317517598922,0.526507959690375,2.74103201941698,84,"1"
"167","Cell-03",230.94,42,9.5,1.30473101998847,0.604325699745547,2.15898648781251,84,"1"
"168","Cell-04",285.94,42,9.97,1.38421470480026,0.555741360089186,2.49075344073387,84,"1"
"169","Cell-01",195.42,43,6.25,1.43478069338189,0.524857238831038,2.73365895948664,86,"1"
"170","Cell-02",227.09,43,6.72,1.44279397189255,0.490725865342486,2.9401221206989,86,"1"
"171","Cell-03",218.72,43,10.89,1.23569225206495,0.692748091603054,1.78375410490918,86,"1"
"172","Cell-04",286,43,10.04,1.38450516042833,0.559643255295429,2.47390663128328,86,"1"
"173","Cell-01",192.12,44,6.1,1.41055197427351,0.512260665099093,2.75358244420474,88,"1"
"174","Cell-02",220.53,44,6.89,1.40111565732293,0.503140061340733,2.78474278829902,88,"1"
"175","Cell-03",220.16,44,11.46,1.24382775335872,0.729007633587786,1.70619304387426,88,"1"
"176","Cell-04",278.93,44,10.18,1.35027980558837,0.567447045707915,2.37956971633156,88,"1"
"177","Cell-01",179.26,45,6.79,1.31613339011175,0.57020490426604,2.3081762016864,90,"1"
"178","Cell-02",208.53,45,7.67,1.32487483798826,0.560099313567986,2.36542842652037,90,"1"
"179","Cell-03",237.76,45,10.42,1.34326165806036,0.662849872773537,2.0264945551544,90,"1"
"180","Cell-04",273.73,45,10.8,1.32510698448967,0.602006688963211,2.20114993534673,90,"1"
"181","Cell-01",165.25,46,8.28,1.21327146444252,0.695330870003359,1.74488364717168,92,"1"
"182","Cell-02",203.65,46,8.71,1.29387023812549,0.636044983204323,2.03424328827675,92,"1"
"183","Cell-03",253.71,46,8.59,1.43337363419622,0.546437659033079,2.62312381019379,92,"1"
"184","Cell-04",274.21,46,11.06,1.32743062951416,0.616499442586399,2.15317409525173,92,"1"
"185","Cell-01",167.43,47,8.81,1.22927710312624,0.739838763856231,1.66154730352182,94,"1"
"186","Cell-02",212.54,47,8.61,1.35035197844926,0.62874251497006,2.14770267048597,94,"1"
"187","Cell-03",256.2,47,7.76,1.44744127185004,0.493638676844784,2.93218773111889,94,"1"
"188","Cell-04",276.68,47,11.02,1.33938771953605,0.614269788182832,2.18045514414489,94,"1"
"189","Cell-01",181.2,48,8.08,1.33037694013304,0.678535438360766,1.9606594805822,96,"1"
"190","Cell-02",223.82,48,7.42,1.42201834862385,0.541843142982328,2.62440960458963,96,"1"
"191","Cell-03",248.46,48,7.85,1.40371295239602,0.499363867684478,2.81100224352426,96,"1"
"192","Cell-04",279.61,48,10.6,1.35357163603973,0.590858416945373,2.29085614627857,96,"1"
"193","Cell-01",194.21,49,6.69,1.42589682970881,0.561807188444743,2.53805372917378,98,"1"
"194","Cell-02",225.93,49,6.74,1.43542402602353,0.492186358989338,2.91642382972793,98,"1"
"195","Cell-03",228.32,49,9.09,1.28992892735675,0.57824427480916,2.2307681780031,98,"1"
"196","Cell-04",279.85,49,10.38,1.35473345855198,0.578595317725752,2.34141794281528,98,"1"
"197","Cell-01",194.91,50,6.08,1.43103625497423,0.510581121934834,2.80275982306466,100,"1"
"198","Cell-02",221.61,50,6.87,1.40797733106305,0.501679567693881,2.80652715743485,100,"1"
"199","Cell-03",207.99,50,11.41,1.175071468119,0.725826972010178,1.61894158447246,100,"1"
"200","Cell-04",277.96,50,10.66,1.34558410626803,0.594202898550725,2.26451959347547,100,"1"
"201","Cell-01",187.19,51,6.27,1.3743557363328,0.526536781995297,2.61017992157113,102,"1"
"202","Cell-02",210.36,51,7.45,1.3365015629368,0.544033883452607,2.45665132924248,102,"1"
"203","Cell-03",208.44,51,12.53,1.17761381227331,0.797073791348601,1.47742131914895,102,"1"
"204","Cell-04",279.07,51,10.62,1.35095753538718,0.591973244147157,2.28212600610602,102,"1"
"205","Cell-01",170.24,52,7.46,1.24990822454883,0.626469600268727,1.99516181473559,104,"1"
"206","Cell-02",198.76,52,8.69,1.26280210424661,0.63458448955747,1.98996686024777,104,"1"
"207","Cell-03",223.49,52,11.62,1.26264110010056,0.739185750636132,1.70815129893123,104,"1"
"208","Cell-04",277.15,52,10.6,1.3416629552892,0.590858416945373,2.27070126583851,104,"1"
"209","Cell-01",162.78,53,8.86,1.1951366352917,0.744037621766879,1.60628522043494,106,"1"
"210","Cell-02",202.99,53,9.27,1.28967699306209,0.676938805316197,1.90516038219981,106,"1"
"211","Cell-03",244.17,53,9.78,1.37947593812499,0.622137404580153,2.21731715207821,106,"1"
"212","Cell-04",277.69,53,10.61,1.34427705594175,0.591415830546265,2.27298118601273,106,"1"
"213","Cell-01",170.1,54,8.8,1.24888033949575,0.738998992274101,1.68996216849038,108,"1"
"214","Cell-02",217.49,54,8.21,1.38180131642481,0.599532642033007,2.30479746980772,108,"1"
"215","Cell-03",253.96,54,8.06,1.43478604761528,0.512722646310433,2.79836683232161,108,"1"
"216","Cell-04",275.15,54,10.85,1.33198110102047,0.60479375696767,2.20237243800066,108,"1"
"217","Cell-01",186.36,55,7.73,1.36826184637524,0.649143432986228,2.10779586890509,110,"1"
"218","Cell-02",223.31,55,7.15,1.41877811380213,0.522126478749817,2.71730734131558,110,"1"
"219","Cell-03",250.2,55,7.85,1.41354334979266,0.499363867684478,2.830688083916,110,"1"
"220","Cell-04",273.81,55,11.07,1.32549425866042,0.617056856187291,2.14809096660957,110,"1"
"221","Cell-01",194.02,56,6.36,1.42450184285106,0.534094726234464,2.66713332463371,112,"1"
"222","Cell-02",222,56,6.9,1.41045515769143,0.503870308164159,2.79924245354006,112,"1"
"223","Cell-03",238.64,56,8.46,1.34823335329544,0.538167938931298,2.5052279330738,112,"1"
"224","Cell-04",275.91,56,10.92,1.33566020564258,0.608695652173913,2.19429890926996,112,"1"
"225","Cell-01",192.17,57,6.1,1.41091907607818,0.512260665099093,2.75429907507196,114,"1"
"226","Cell-02",213.5,57,7.27,1.35645124399604,0.530889440630933,2.55505410389019,114,"1"
"227","Cell-03",221.64,57,9.95,1.25218924079954,0.63295165394402,1.97833315229837,114,"1"
"228","Cell-04",277.29,57,10.73,1.34234068508801,0.598104793756968,2.24432356854416,114,"1"
"229","Cell-01",179.8,58,6.59,1.32009808960221,0.553409472623446,2.38539120652247,116,"1"
"230","Cell-02",200.06,58,8.34,1.2710615263412,0.609025850737549,2.08704035272379,116,"1"
"231","Cell-03",210.15,58,11.34,1.18727472005966,0.721374045801527,1.64585172833667,116,"1"
"232","Cell-04",276.02,58,10.56,1.33619270762736,0.588628762541806,2.2700092021624,116,"1"
"233","Cell-01",165.73,59,8.1,1.21679564176737,0.680214981525025,1.78883981508221,118,"1"
"234","Cell-02",197.49,59,9.29,1.25473328420036,0.678399298963049,1.8495497948159,118,"1"
"235","Cell-03",211.67,59,11.82,1.19586219364753,0.751908396946565,1.59043601388656,118,"1"
"236","Cell-04",274.69,59,10.83,1.32975427453866,0.603678929765886,2.20275084812775,118,"1"
"237","Cell-01",164.37,60,8.91,1.20681047268028,0.748236479677528,1.61287307617024,120,"1"
"238","Cell-02",211.2,60,8.68,1.34183842029022,0.633854242734044,2.11695107459151,120,"1"
"239","Cell-03",228.94,60,11.1,1.29343171263602,0.706106870229008,1.83177896600344,120,"1"
"240","Cell-04",270.73,60,11.1,1.31058420308658,0.618729096989966,2.11818744174533,120,"1"
"241","Cell-01",174.82,61,8.48,1.28353474985683,0.712126301645952,1.80239761807726,122,"1"
"242","Cell-02",222,61,7.39,1.41045515769143,0.539652402512049,2.6136363909914,122,"1"
"243","Cell-03",240.62,61,9.53,1.35941966757438,0.606234096692112,2.24240054294535,122,"1"
"244","Cell-04",270.52,61,11.35,1.30956760838836,0.632664437012263,2.06992448409578,122,"1"
"245","Cell-01",188.17,62,7.4,1.38155093170438,0.621430970775949,2.22317682361294,124,"1"
"246","Cell-02",223.02,62,6.85,1.41693562733488,0.500219074047028,2.83263014317136,124,"1"
"247","Cell-03",245.84,62,8.51,1.3889108597643,0.541348600508906,2.56564967279609,124,"1"
"248","Cell-04",274.94,62,11.29,1.33096450632225,0.629319955406912,2.11492499941729,124,"1"
"249","Cell-01",192.93,63,6.39,1.4164990235092,0.536614040980853,2.63969802377896,126,"1"
"250","Cell-02",216.69,63,7.09,1.37671859513584,0.51774499780926,2.65906691703669,126,"1"
"251","Cell-03",244.16,63,8.33,1.37941944158823,0.529898218829517,2.60317810585438,126,"1"
"252","Cell-04",275.93,63,10.85,1.33575702418527,0.60479375696767,2.20861576164827,126,"1"
"253","Cell-01",187.99,64,6.34,1.38022936520756,0.532415183070205,2.59239294651287,128,"1"
"254","Cell-02",204.69,64,7.98,1.30047777580116,0.582736965094202,2.23167201275954,128,"1"
"255","Cell-03",234.26,64,8.8,1.32348787019356,0.559796437659033,2.36423060448213,128,"1"
"256","Cell-04",274.25,64,10.83,1.32762426659954,0.603678929765886,2.19922246932555,128,"1"
"257","Cell-01",175.08,65,7.11,1.28544367924113,0.597077594894189,2.15289217052086,130,"1"
"258","Cell-02",198.05,65,9.02,1.25829118910265,0.658682634730539,1.91031480527402,130,"1"
"259","Cell-03",220.58,65,9.85,1.24620060790274,0.626590330788804,1.98886025951584,130,"1"
"260","Cell-04",272.84,65,10.68,1.32079855934008,0.595317725752508,2.21864477102632,130,"1"
"261","Cell-01",160.34,66,8.57,1.17722206722368,0.719684245885119,1.63574800192528,132,"1"
"262","Cell-02",201.26,66,9.25,1.27868560827467,0.675478311669344,1.89300764537441,132,"1"
"263","Cell-03",215.61,66,11.18,1.21812182913187,0.711195928753181,1.71277953076503,132,"1"
"264","Cell-04",270.75,66,11.08,1.31068102162926,0.617614269788183,2.12216764693402,132,"1"
"265","Cell-01",162.58,67,9.46,1.19366822807301,0.794423916694659,1.502558272716,134,"1"
"266","Cell-02",214.2,67,8.43,1.36089862512389,0.615598072148386,2.2106934486888,134,"1"
"267","Cell-03",216.72,67,11.14,1.22439294471249,0.708651399491094,1.72777891300542,134,"1"
"268","Cell-04",269.59,67,11.28,1.3050655461534,0.62876254180602,2.07560956542482,134,"1"
"269","Cell-01",173.83,68,8.54,1.27626613412432,0.71716493113873,1.77959919498271,136,"1"
"270","Cell-02",221.01,68,7.29,1.40416529009632,0.532349934277786,2.63767345440041,136,"1"
"271","Cell-03",225.36,68,10.59,1.27320595247511,0.673664122137405,1.88997144220102,136,"1"
"272","Cell-04",271.58,68,11.21,1.31469899115079,0.624860646599777,2.10398750234122,136,"1"
"273","Cell-01",183.77,69,7.51,1.3492459728932,0.630668458179375,2.13939028564744,138,"1"
"274","Cell-02",221.12,69,6.96,1.40486416427355,0.508251789104717,2.76411061286811,138,"1"
"275","Cell-03",235.78,69,9.65,1.33207534378143,0.613867684478372,2.1699714408543,138,"1"
"276","Cell-04",273.38,69,10.91,1.32341265999264,0.608138238573021,2.17617077179358,138,"1"
"277","Cell-01",188.8,70,6.64,1.38617641444325,0.557608330534095,2.48593203963709,140,"1"
"278","Cell-02",212.03,70,7.24,1.34711174362754,0.528698700160654,2.54797627309883,140,"1"
"279","Cell-03",239.96,70,8.74,1.35569089614807,0.555979643765903,2.43838225256837,140,"1"
"280","Cell-04",272.4,70,10.81,1.31866855140096,0.602564102564103,2.18842865977181,140,"1"
"281","Cell-01",189.35,71,6.4,1.39021453429465,0.537453812562983,2.58666791787198,142,"1"
"282","Cell-02",197.87,71,8.46,1.25714757681263,0.617788812618665,2.03491476558772,142,"1"
"283","Cell-03",238.25,71,8.52,1.34602998836171,0.541984732824427,2.48352011937161,142,"1"
"284","Cell-04",272.36,71,10.76,1.31847491431559,0.599777034559643,2.19827508948157,142,"1"
"285","Cell-01",182.13,72,6.59,1.33720503369995,0.553409472623446,2.41630311704081,144,"1"
"286","Cell-02",194.54,72,9.51,1.23599074944725,0.694464729078428,1.77977469221143,144,"1"
"287","Cell-03",229.99,72,9.01,1.29936384899606,0.573155216284987,2.26703659336493,144,"1"
"288","Cell-04",274.05,72,10.66,1.32665608117267,0.594202898550725,2.23266511221741,144,"1"
"289","Cell-01",171.33,73,7.59,1.25791104389069,0.637386630836413,1.97354475766144,146,"1"
"290","Cell-02",207.9,73,9.08,1.32087219497319,0.663064115671097,1.9920731099078,146,"1"
"291","Cell-03",222.14,73,9.95,1.25501406763765,0.63295165394402,1.98279609480039,146,"1"
"292","Cell-04",271.14,73,10.83,1.31256898321166,0.603678929765886,2.17428324642819,146,"1"
"293","Cell-01",166.44,74,8.37,1.22200848739372,0.702888814242526,1.73855162101368,148,"1"
"294","Cell-02",218.13,74,7.54,1.385867493456,0.550606104863444,2.51698533891067,148,"1"
"295","Cell-03",219.11,74,10.36,1.23789561699868,0.659033078880407,1.8783512644034,148,"1"
"296","Cell-04",266.8,74,11.04,1.29155935944852,0.615384615384615,2.09878395910385,148,"1"
"297","Cell-01",170.09,75,8.48,1.24880691913481,0.712126301645952,1.75363122559639,150,"1"
"298","Cell-02",220.63,75,6.93,1.40175099748405,0.506061048634438,2.76992469834728,150,"1"
"299","Cell-03",218.85,75,10.56,1.23642670704286,0.67175572519084,1.84058975707516,150,"1"
"300","Cell-04",267.8,75,11.4,1.29640028658289,0.635451505016722,2.04012466151728,150,"1"
"301","Cell-01",176.75,76,7.87,1.29770487951719,0.660900235136043,1.96354125861381,152,"1"
"302","Cell-02",216.61,76,7.01,1.37621032300694,0.511903023221849,2.68841999475849,152,"1"
"303","Cell-03",225.24,76,10.22,1.27252799403397,0.650127226463104,1.9573522569681,152,"1"
"304","Cell-04",269.79,76,11.19,1.30603373158027,0.623745819397993,2.09385568762735,152,"1"
"305","Cell-01",186.34,77,7.2,1.36811500565337,0.604635539133356,2.26271020657226,154,"1"
"306","Cell-02",203.22,77,7.92,1.29113827543267,0.578355484153644,2.23243024542613,154,"1"
"307","Cell-03",232.18,77,9.64,1.311736590547,0.61323155216285,2.13905593396253,154,"1"
"308","Cell-04",271.61,77,11,1.31484421896482,0.613154960981048,2.14439138983898,154,"1"
"309","Cell-01",188.6,78,6.5,1.38470800722456,0.54585152838428,2.5367850692354,156,"1"
"310","Cell-02",192.52,78,9.2,1.22315687819258,0.671827077552213,1.82064242282274,156,"1"
"311","Cell-03",236.3,78,8.93,1.33501316369307,0.568066157760814,2.35010156027491,156,"1"
"312","Cell-04",271.84,78,10.95,1.31595763220572,0.610367892976589,2.15600729879184,156,"1"
"313","Cell-01",182.75,79,6.61,1.34175709607788,0.555089015787706,2.41719266264682,158,"1"
"314","Cell-02",198.66,79,9.6,1.26216676408549,0.701036950489265,1.80042829868612,158,"1"
"315","Cell-03",232.98,79,8.85,1.31625631348798,0.562977099236641,2.33802816361933,158,"1"
"316","Cell-04",272.62,79,10.72,1.31973355537052,0.597547380156076,2.20858395367045,158,"1"
"317","Cell-01",174.03,80,7.27,1.27773454134301,0.610513940208263,2.09288348257394,160,"1"
"318","Cell-02",213.94,80,8.24,1.35924674070497,0.601723382503286,2.25892292077839,160,"1"
"319","Cell-03",225.48,80,9.19,1.27388391091626,0.584605597964377,2.17904843086002,160,"1"
"320","Cell-04",268,80,10.8,1.29736847200976,0.602006688963211,2.15507318406066,160,"1"
"321","Cell-01",165.24,81,8.18,1.21319804408158,0.686933154182062,1.76610786172659,162,"1"
"322","Cell-02",220.02,81,7.16,1.39787542250121,0.522856725573244,2.67353436253234,162,"1"
"323","Cell-03",220.02,81,10,1.24303680184405,0.636132315521629,1.95405385249884,162,"1"
"324","Cell-04",267.44,81,11.07,1.29465755281452,0.617056856187291,2.09811711811133,162,"1"
"325","Cell-01",165.21,82,8.64,1.21297778299878,0.725562646960027,1.6717753981423,164,"1"
"326","Cell-02",217.55,82,6.81,1.38218252052149,0.497298086753323,2.77938435183866,164,"1"
"327","Cell-03",216.15,82,10.33,1.22117264211704,0.657124681933842,1.85835759284413,164,"1"
"328","Cell-04",263.57,82,11.29,1.27592316480452,0.629319955406912,2.02746338145201,164,"1"
"329","Cell-01",173.11,83,8.44,1.27097986813703,0.708767215317434,1.79322609831467,166,"1"
"330","Cell-02",208.89,83,7.44,1.3271620625683,0.543303636629181,2.44276307591536,166,"1"
"331","Cell-03",220.89,83,10.38,1.24795200054237,0.66030534351145,1.88996198926069,166,"1"
"332","Cell-04",266.52,83,11.53,1.2902038998509,0.642697881828317,2.00748117635084,166,"1"
"333","Cell-01",184.76,84,7.15,1.35651458862572,0.600436681222707,2.2592133876021,168,"1"
"334","Cell-02",195.55,84,8.65,1.24240768507459,0.631663502263765,1.96688217796664,168,"1"
"335","Cell-03",224.14,84,9.92,1.26631337499011,0.631043256997456,2.00669821117385,168,"1"
"336","Cell-04",266.67,84,11.08,1.29093003892105,0.617614269788183,2.09018816771153,168,"1"
"337","Cell-01",185.34,85,6.48,1.36077296955992,0.54417198522002,2.50063032739499,170,"1"
"338","Cell-02",190.46,85,9.52,1.21006887087347,0.695194975901855,1.74061797455265,170,"1"
"339","Cell-03",221.6,85,9.84,1.25196325465249,0.625954198473282,2.0000876385302,170,"1"
"340","Cell-04",260.53,85,11.25,1.26120674631605,0.627090301003344,2.01120435812533,170,"1"
"341","Cell-01",180.53,86,6.6,1.32545777595043,0.554249244205576,2.39144715091177,172,"1"
"342","Cell-02",206.19,86,8.86,1.310007878218,0.646998685555718,2.02474581087102,172,"1"
"343","Cell-03",226.11,86,9.68,1.27744319273229,0.615776081424936,2.0745255154702,172,"1"
"344","Cell-04",265.64,86,11.26,1.28594388397266,0.627647714604236,2.04883066416248,172,"1"
"345","Cell-01",171.6,87,7.69,1.25989339363592,0.645784346657709,1.95095065428044,174,"1"
"346","Cell-02",221.83,87,7.52,1.40937507941752,0.549145611216591,2.56648701297121,174,"1"
"347","Cell-03",233.89,87,9.45,1.32139749833335,0.601145038167939,2.1981342511958,174,"1"
"348","Cell-04",267.54,87,11.1,1.29514164552795,0.618729096989966,2.09322892979923,174,"1"
"349","Cell-01",141.85,88,9.4,1.0414678198558,0.789385287201881,1.31934029774924,176,"1"
"350","Cell-02",192.36,88,7.5,1.22214033393479,0.547685117569739,2.2314652977204,176,"1"
"351","Cell-03",199.74,88,10.26,1.12846182529011,0.652671755725191,1.72898829371935,176,"1"
"352","Cell-04",233.82,88,11.95,1.13190558255717,0.666109253065775,1.69927917582223,176,"1"
"353","Cell-01",129.35,89,11.04,0.949692368687684,0.927107826671145,1.02436021071856,178,"1"
"354","Cell-02",152.85,89,11.08,0.971117436275382,0.80911348035636,1.20022402277573,178,"1"
"355","Cell-03",169.68,89,13.52,0.958633235782646,0.860050890585242,1.11462385107272,178,"1"
"356","Cell-04",196.87,89,15.71,0.953033324942393,0.875696767001115,1.08831431250583,178,"1"
"357","Cell-01",126.58,90,11.93,0.92935492870883,1.00184749748069,0.927641114087573,180,"1"
"358","Cell-02",145.57,90,13.32,0.924864672545681,0.972688768803856,0.950833095033075,180,"1"
"359","Cell-03",163.54,90,15.22,0.923944362210596,0.968193384223919,0.954297330745767,180,"1"
"360","Cell-04",189.43,90,17.67,0.917016827062719,0.98494983277592,0.931028968732608,180,"1"
"361","Cell-01",126.92,91,11.93,0.931851220980602,1.00184749748069,0.930132802970412,182,"1"
"362","Cell-02",145.35,91,13.47,0.923466924191212,0.98364247115525,0.93882376094094,182,"1"
"363","Cell-03",163.62,91,15.22,0.924396334504695,0.968193384223919,0.954764151012733,182,"1"
"364","Cell-04",189.25,91,17.78,0.916145460178533,0.99108138238573,0.924389738785314,182,"1"
"365","Cell-01",126.64,92,11.81,0.929795450874436,0.991770238495129,0.937510942338085,184,"1"
"366","Cell-02",145.95,92,13.26,0.927278965157946,0.968307287863298,0.957628819673673,184,"1"
"367","Cell-03",163.3,92,15.22,0.922588445328301,0.968193384223919,0.952896869944868,184,"1"
"368","Cell-04",189.75,92,17.79,0.918565923745716,0.991638795986622,0.926310998988091,184,"1"
"369","Cell-01",126.43,93,11.75,0.928253623294812,0.986731609002351,0.940735672016564,186,"1"
"370","Cell-02",145.64,93,13.3,0.925309410658467,0.971228275157003,0.952720832297522,186,"1"
"371","Cell-03",162.47,93,15.13,0.917899232777031,0.962468193384224,0.95369305613053,186,"1"
"372","Cell-04",188.73,93,17.66,0.913628178068664,0.984392419175028,0.92811378904597,186,"1"
"373","Cell-01",125.9,94,11.79,0.924362344165284,0.99009069533087,0.933613807830382,188,"1"
"374","Cell-02",145.64,94,13.23,0.925309410658467,0.966116547393019,0.957761683262059,188,"1"
"375","Cell-03",161.97,94,15.17,0.915074405938916,0.965012722646311,0.948251131269595,188,"1"
"376","Cell-04",188.84,94,17.72,0.914160680053444,0.987736900780379,0.925510304749367,188,"1"
"377","Cell-01",126.28,95,11.78,0.927152317880795,0.98925092374874,0.937226638482555,190,"1"
"378","Cell-02",146.09,95,13.23,0.928168441383517,0.966116547393019,0.960720985359477,190,"1"
"379","Cell-03",161.87,95,15.15,0.914509440571293,0.963740458015267,0.948916726454173,190,"1"
"380","Cell-04",188.72,95,17.62,0.91357976879732,0.98216276477146,0.930171455858338,190,"1"
"381","Cell-01",126.85,96,11.75,0.931337278454061,0.986731609002351,0.943860792496252,192,"1"
"382","Cell-02",146.56,96,13.27,0.931154540140791,0.969037534686724,0.960906576690882,192,"1"
"383","Cell-03",162.3,96,15.08,0.916938791652072,0.959287531806616,0.955853965833592,192,"1"
"384","Cell-04",189.6,96,17.68,0.917839784675561,0.985507246376812,0.931337428567849,192,"1"
"385","Cell-01",126.19,97,11.61,0.926491534632384,0.974974806852536,0.95027228203294,194,"1"
"386","Cell-02",146.61,97,13.17,0.931472210221353,0.961735066452461,0.968533063536158,194,"1"
"387","Cell-03",161.62,97,14.92,0.913097027152236,0.94910941475827,0.962056653272999,194,"1"
"388","Cell-04",189.26,97,17.54,0.916193869449877,0.977703455964325,0.937087686313044,194,"1"
"389","Cell-01",126.5,98,11.64,0.928767565821354,0.977494121598925,0.950151561323082,196,"1"
"390","Cell-02",146.84,98,13.11,0.932933492591934,0.957353585511903,0.974492086007166,196,"1"
"391","Cell-03",161.35,98,14.92,0.911571620659653,0.94910941475827,0.96044945554757,196,"1"
"392","Cell-04",189.77,98,17.52,0.918662742288403,0.976588628762542,0.94068547926107,196,"1"
"393","Cell-01",126.89,99,11.73,0.931630959897799,0.985052065838092,0.945768241301193,198,"1"
"394","Cell-02",147.46,99,13.3,0.936872601590892,0.971228275157003,0.96462657189366,198,"1"
"395","Cell-03",161.8,99,15.01,0.914113964813957,0.954834605597964,0.957353199658588,198,"1"
"396","Cell-04",190.12,99,17.66,0.920357066785431,0.984392419175028,0.934949364560058,198,"1"
"397","Cell-01",127.23,100,11.72,0.934127252169572,0.984212294255962,0.949111545975705,200,"1"
"398","Cell-02",147.79,100,13.24,0.938969224122595,0.966846794216445,0.971166507185409,200,"1"
"399","Cell-03",161.37,100,14.95,0.911684613733178,0.951017811704835,0.958640945009067,200,"1"
"400","Cell-04",191.25,100,17.48,0.925827314447263,0.974358974358974,0.950191191143244,200,"1"
"401","Cell-01",126.55,101,11.72,0.929134667626026,0.984212294255962,0.94403887560501,202,"1"
"402","Cell-02",146.9,101,13.23,0.933314696688607,0.966116547393019,0.966047729134829,202,"1"
"403","Cell-03",161.06,101,14.86,0.909933221093547,0.94529262086514,0.962594228505421,202,"1"
"404","Cell-04",190.38,101,17.45,0.921615707840366,0.972686733556299,0.947494888175138,202,"1"
"405","Cell-01",127.01,102,11.62,0.932512004229013,0.975814578434666,0.955624177827804,204,"1"
"406","Cell-02",146.42,102,13.3,0.93026506391522,0.971228275157003,0.957823292124438,204,"1"
"407","Cell-03",160.61,102,14.83,0.907390876939244,0.943384223918575,0.961846566789272,204,"1"
"408","Cell-04",190.09,102,17.49,0.9202118389714,0.974916387959866,0.943887958327439,204,"1"
"409","Cell-01",126.88,103,11.73,0.931557539536864,0.985052065838092,0.945693706803494,206,"1"
"410","Cell-02",146.02,103,13.38,0.927723703270731,0.977070249744414,0.949495395559745,206,"1"
"411","Cell-03",160.46,103,14.91,0.906543428887809,0.948473282442748,0.955792267076885,206,"1"
"412","Cell-04",190.49,103,17.57,0.922148209825146,0.979375696767001,0.9415673810053,206,"1"
"413","Cell-01",127.58,104,11.7,0.936696964802279,0.982532751091703,0.953349355287653,208,"1"
"414","Cell-02",147.28,104,13.48,0.935728989300872,0.984372717978677,0.950584034086509,208,"1"
"415","Cell-03",161.55,104,14.83,0.9127015513949,0.943384223918575,0.967475953332962,208,"1"
"416","Cell-04",191.71,104,17.51,0.928054140929071,0.97603121516165,0.95084473376742,208,"1"
"417","Cell-01",127.27,105,11.74,0.93442093361331,0.985891837420222,0.947792544929071,210,"1"
"418","Cell-02",147.3,105,13.46,0.935856057333096,0.982912224331824,0.9521257688796,210,"1"
"419","Cell-03",161.48,105,14.92,0.912306075637563,0.94910941475827,0.961223291489443,210,"1"
"420","Cell-04",191.48,105,17.57,0.926940727688167,0.979375696767001,0.946460822693552,210,"1"
"421","Cell-01",126.94,106,11.73,0.931998061702471,0.985052065838092,0.946140913789687,212,"1"
"422","Cell-02",147.26,106,13.46,0.935601921268647,0.982912224331824,0.951867214699321,212,"1"
"423","Cell-03",160.98,106,14.91,0.909481248799448,0.948473282442748,0.958889686863,212,"1"
"424","Cell-04",191.04,106,17.52,0.924810719749046,0.976588628762542,0.94698083974303,212,"1"
"425","Cell-01",127.26,107,11.77,0.934347513252375,0.988411152166611,0.945302479847858,214,"1"
"426","Cell-02",147.23,107,13.48,0.935411319220311,0.984372717978677,0.950261320875589,214,"1"
"427","Cell-03",161.21,107,14.83,0.910780669144981,0.943384223918575,0.965439792242691,214,"1"
"428","Cell-04",192.06,107,17.48,0.929748465426098,0.974358974358974,0.954215530305733,214,"1"
"429","Cell-01",127.64,108,11.88,0.937137486967886,0.997648639570037,0.939346228519662,216,"1"
"430","Cell-02",147.89,108,13.61,0.939604564283718,0.993865926683219,0.945403740139694,216,"1"
"431","Cell-03",162.03,108,14.98,0.91541338515949,0.9529262086514,0.960634073077916,216,"1"
"432","Cell-04",192.2,108,17.63,0.930426195224909,0.982720178372352,0.946786497012755,216,"1"
"433","Cell-01",126.71,109,11.9,0.930309393400978,0.999328182734296,0.930934811480575,218,"1"
"434","Cell-02",147.76,109,13.59,0.938778622074259,0.992405433036366,0.94596279990323,218,"1"
"435","Cell-03",161.19,109,15.03,0.910667676071457,0.956106870229008,0.952474774972941,218,"1"
"436","Cell-04",191.68,109,17.63,0.92790891311504,0.982720178372352,0.944224951859547,218,"1"
"437","Cell-01",127,110,11.74,0.932438583868078,0.985891837420222,0.945781827657672,220,"1"
"438","Cell-02",147.32,110,13.55,0.935983125365321,0.989484445742661,0.945930104704996,220,"1"
"439","Cell-03",161.36,110,14.98,0.911628117196416,0.9529262086514,0.956661815909723,220,"1"
"440","Cell-04",191.42,110,17.56,0.926650272060105,0.978818283166109,0.946703068380312,220,"1"
"441","Cell-01",127.14,111,11.8,0.933466468921161,0.990930466913,0.942010060331626,222,"1"
"442","Cell-02",148.34,111,13.5,0.942463595008768,0.985833211625529,0.956007145929635,222,"1"
"443","Cell-03",161.97,111,14.99,0.915074405938916,0.953562340966921,0.959637735914594,222,"1"
"444","Cell-04",192.18,111,17.49,0.930329376682222,0.974916387959866,0.954265810044544,222,"1"
"445","Cell-01",127.15,112,11.71,0.933539889282096,0.983372522673833,0.94932476529216,224,"1"
"446","Cell-02",148.32,112,13.5,0.942336526976543,0.985833211625529,0.955878251882725,224,"1"
"447","Cell-03",161.59,112,14.92,0.912927537541949,0.94910941475827,0.961878075747951,224,"1"
"448","Cell-04",192.34,112,17.48,0.931103925023721,0.974358974358974,0.955606659892766,224,"1"
"449","Cell-01",127.47,113,11.71,0.935889340831999,0.983372522673833,0.951713942837528,226,"1"
"450","Cell-02",147.86,113,13.5,0.939413962235381,0.985833211625529,0.952913688803801,226,"1"
"451","Cell-03",161.77,113,14.94,0.91394447520367,0.950381679389313,0.961660451820729,226,"1"
"452","Cell-04",192.2,113,17.5,0.930426195224909,0.975473801560758,0.953819768133422,226,"1"
"453","Cell-01",127.23,114,11.68,0.934127252169572,0.980853207927444,0.952361927982471,228,"1"
"454","Cell-02",147.91,114,13.51,0.939731632315942,0.986563458448956,0.952530345887085,228,"1"
"455","Cell-03",161.47,114,14.81,0.912249579100801,0.942111959287532,0.96830272677006,228,"1"
"456","Cell-04",192.23,114,17.43,0.93057142303894,0.971571906354515,0.957799846776741,228,"1"
"457","Cell-01",127.36,115,11.71,0.93508171686172,0.983372522673833,0.950892663056308,230,"1"
"458","Cell-02",147.87,115,13.54,0.939477496251493,0.988754198919235,0.950162838527914,230,"1"
"459","Cell-03",161.71,115,14.83,0.913605495983096,0.943384223918575,0.968434146787207,230,"1"
"460","Cell-04",191.92,115,17.44,0.929070735627287,0.972129319955407,0.95570693791018,230,"1"
"461","Cell-01",127.3,116,11.69,0.934641194696113,0.981692979509573,0.952070773861532,232,"1"
"462","Cell-02",147.88,116,13.47,0.939541030267605,0.98364247115525,0.955165172122093,232,"1"
"463","Cell-03",161.83,116,14.83,0.914283454424244,0.943384223918575,0.96915279187789,232,"1"
"464","Cell-04",191.79,116,17.5,0.92844141509982,0.975473801560758,0.951785084965187,232,"1"
"465","Cell-01",126.58,117,11.68,0.92935492870883,0.980853207927444,0.947496446152803,234,"1"
"466","Cell-02",148.37,117,13.39,0.942654197057105,0.97780049656784,0.964055756123972,234,"1"
"467","Cell-03",161.5,117,14.81,0.912419068711088,0.942111959287532,0.968482630664301,234,"1"
"468","Cell-04",190.62,117,17.39,0.922777530352613,0.969342251950948,0.951962558627135,234,"1"
"469","Cell-01",127.36,118,11.65,0.93508171686172,0.978333893181055,0.955789964325267,236,"1"
"470","Cell-02",148.38,118,13.59,0.942717731073217,0.992405433036366,0.949932053665683,236,"1"
"471","Cell-03",161.88,118,14.88,0.914565937108055,0.946564885496183,0.966194659364155,236,"1"
"472","Cell-04",191.48,118,17.49,0.926940727688167,0.974916387959866,0.950789974541207,236,"1"
"473","Cell-01",127.56,119,11.71,0.93655012408041,0.983372522673833,0.952385899022162,238,"1"
"474","Cell-02",148.08,119,13.68,0.94081171058985,0.998977654447203,0.941774529591916,238,"1"
"475","Cell-03",162.25,119,14.9,0.91665630896826,0.947837150127227,0.967103166240339,238,"1"
"476","Cell-04",192.21,119,17.53,0.930474604496253,0.977146042363434,0.952236988286525,238,"1"
"477","Cell-01",127.39,120,11.71,0.935301977944524,0.983372522673833,0.951116648451186,240,"1"
"478","Cell-02",148.05,120,13.69,0.940621108541513,0.999707901270629,0.940895943050948,240,"1"
"479","Cell-03",161.79,120,14.99,0.914057468277194,0.953562340966921,0.95857127427068,240,"1"
"480","Cell-04",191.84,120,17.61,0.928683461456538,0.981605351170568,0.946086388332214,240,"1"
"481","Cell-01",127.41,121,11.77,0.935448818666393,0.988411152166611,0.946416697763755,242,"1"
"482","Cell-02",148.5,121,13.61,0.943480139266563,0.993865926683219,0.949303234909355,242,"1"
"483","Cell-03",161.95,121,14.93,0.914961412865391,0.949745547073791,0.963375312139581,242,"1"
"484","Cell-04",191.58,121,17.58,0.927424820401603,0.979933110367893,0.946416454949077,242,"1"
